tau,lyapunov_time,initial_condition
17,197,0.7206597
18,138,0.7744313
19,315,0.7783468
20,131,0.9225991
21,191,0.9479431
22,119,0.5455960
23,106,0.8622247
24,97,0.3259660
25,98,0.8297825
26,104,1.0033490
27,112,0.6491406
28,119,1.0957495
29,131,0.9256179
30,139,0.2713639